name,url
About Blog,https://blog.msalt.net/category/About%20Blog
감상문,https://blog.msalt.net/category/%EA%B0%90%EC%83%81%EB%AC%B8
기술 이야기,https://blog.msalt.net/category/%EA%B8%B0%EC%88%A0%20%EC%9D%B4%EC%95%BC%EA%B8%B0
나의 경험담,https://blog.msalt.net/category/%EB%82%98%EC%9D%98%20%EA%B2%BD%ED%97%98%EB%8B%B4
만들기,https://blog.msalt.net/category/%EB%A7%8C%EB%93%A4%EA%B8%B0
사람생각,https://blog.msalt.net/category/%EC%82%AC%EB%9E%8C%EC%83%9D%EA%B0%81
육아와 가사,https://blog.msalt.net/category/%EC%9C%A1%EC%95%84%EC%99%80%20%EA%B0%80%EC%82%AC
이달의 노래,https://blog.msalt.net/category/%EC%9D%B4%EB%8B%AC%EC%9D%98%20%EB%85%B8%EB%9E%98
좋은 씨앗,https://blog.msalt.net/category/%EC%A2%8B%EC%9D%80%20%EC%94%A8%EC%95%97
초록이들,https://blog.msalt.net/category/%EC%B4%88%EB%A1%9D%EC%9D%B4%EB%93%A4
타이젠 Tizen,https://blog.msalt.net/category/%ED%83%80%EC%9D%B4%EC%A0%A0%20Tizen
