post_id,id,parent_id,author,date,text
360,23155933,,fnfOzvSR,2025.10.13 09:32,1
360,23155934,,fnfOzvSR,2025.10.13 09:32,1
360,23155935,,fnfOzvSR,2025.10.13 09:32,1
360,23155936,,fnfOzvSR,2025.10.13 09:32,1
360,23155937,,fnfOzvSR,2025.10.13 09:32,1
360,23155938,,fnfOzvSR,2025.10.13 09:32,1
360,23155939,,fnfOzvSR,2025.10.13 09:32,1
360,23155940,,fnfOzvSR,2025.10.13 09:32,1
360,23155941,,fnfOzvSR,2025.10.13 09:32,1
360,23155942,,fnfOzvSR,2025.10.13 09:32,1
360,23155943,,fnfOzvSR,2025.10.13 09:32,1
360,23155944,,fnfOzvSR,2025.10.13 09:32,1
360,23155945,,fnfOzvSR,2025.10.13 09:32,1
360,23155946,,fnfOzvSR,2025.10.13 09:32,1
360,23155948,,fnfOzvSR,2025.10.13 09:32,1
360,23155949,,fnfOzvSR,2025.10.13 09:32,1
360,23155950,,fnfOzvSR,2025.10.13 09:32,1
360,23155951,,fnfOzvSR,2025.10.13 09:32,1
360,23155952,,fnfOzvSR,2025.10.13 09:32,1
360,23155953,,fnfOzvSR,2025.10.13 09:32,1
360,23155757,,fnfOzvSR,2025.10.13 08:42,1
360,23155929,,fnfOzvSR,2025.10.13 09:32,1
360,23155930,,fnfOzvSR,2025.10.13 09:32,1
360,23155931,,fnfOzvSR,2025.10.13 09:32,1
359,23155896,,fnfOzvSR,2025.10.13 09:24,1
333,13143352,,불의남자,2022.04.22 23:41,
322,13545854,,Jaekun Yoo,2023.02.25 05:29,
322,13552754,13545854,맛소금.,2023.02.28 09:34,"이제 댓글을 보았는데, 마음담은 응원에 진심으로 감사드립니다! 응원합니다!"
289,12263126,,H-매니저,2020.03.18 17:15,
289,12263133,,맛소금.,2020.03.18 17:19,저자는 진짜 죽기 전까지 살았네요. 진정 살아있는 것이 무엇인지 새삼 다시 생각하게 되었어요.
288,20771092,,프리랜서,2025.05.01 11:03,조카와 같이 수험서 사주려 서점갔다가 책구매했습니다. DA/DBA 쪽 일하는데 파이썬 공부해보고 싶어하다가 눈에띄어 구매하고 깃허브 소스도 보고 이것저것 해보고 있습니다. 감사합니다. 항상 건강하시고 행복하세요.
288,20771658,20771092,맛소금.,2025.05.01 11:55,감사합니다. 질문이나 수정이 필요한것이 있다면 언제든 편하게 알려주세요~~
280,12439124,,익명,2020.08.19 18:34,비밀댓글입니다.
263,13283193,,생강초이,2022.08.16 22:18,"우왕 저도 35살까지만 일하자고 생각하고 있었는데 이 책을 읽고 바뀌셨다니,, 저도 읽어보고 싶어요!!"
263,13283240,13283193,맛소금.,2022.08.16 22:44,책 내용 보다 결국 작은 실천이라도 계속하는게 중요한것 같아요ㅎㅎ 화이팅!
263,18639152,,캌칸칸,2024.10.02 02:29,유익한 정보 정말 감사합니다! 광고도 클릭했어요. 제 블로그에도 놀러와 주시면 좋겠어요~
252,11929606,,구글키퍼,2018.05.10 19:28,"안녕하세요 구글 keep이용자인데 저도 스티커에서 작성한 글을 keep에 붙여넣기하면 자동으로 한 줄이 더 들어가는 이슈로 불편을 겪고 있습니다. 서치 중에 이 글을 보게되었는데, 줄바꿈문자는 어떻게 변경하는 것인지 여쭤봐도 될까요?"
252,11929611,11929606,맛소금.,2018.05.10 19:42,"저는 VS CODE를 주로 쓰는데, 보통 에디터에 줄바꿈 문자 변경 기능이 있습니다. 스티커라는게 텍스트 에디터 인가요?"
252,11929827,11929606,구글키퍼,2018.05.11 10:12,
252,11929997,11929606,맛소금.,2018.05.11 13:14,"좀 더 확인해보니까, 파이어폭스나 인터넷 익스플로어는 문제가 없네요~ 크롬 엔진만 줄바꿈 문자를 둘 다 구분하나봅니다."
252,11934447,,구글키퍼,2018.05.18 18:59,
252,11934450,11934447,맛소금.,2018.05.18 19:07,도움이 되었다니 저도 기쁘네요~~ㅎ
251,12851928,,불의남자,2021.09.04 13:04,
247,12275403,,roiroi,2020.03.26 09:39,
247,12287316,12275403,맛소금.,2020.04.02 11:52,"회신이 늦었네요. 센서 데이터는 계속 변하는 값일텐데요. advertising packet 만으로 데이터를 변경하는것은 좋은 접근은 아닌것 같습니다. advertising 자체가 변경되는 값을 추적하는 목적이 아니기 때문에, 중간에 캐싱되어 업데이트가 안되거나 하는 이슈가 있을 수도 있을것 같습니다. 그것은 칩, 드라이버, FW등 다양한 부분의 구현 내용에 따라 결정될것 같아요."
247,12287317,12275403,맛소금.,2020.04.02 11:53,로스가 문제가 아니라 변경된 값의 업데이트 문제가 있을수 있습니다.
241,13147703,,진리는빛,2022.04.26 16:46,큰 도움이 되었습니다.
241,13147719,13147703,맛소금.,2022.04.26 16:57,큰 힘이 되네요. ;)
239,12610981,,맛소금.,2021.01.21 12:09,고맙습니다.
229,11848177,,익명,2017.11.26 15:56,비밀댓글입니다.
224,11810794,,reo,2017.09.16 10:53,
220,13674932,,한밤중의 싸움,2023.04.27 13:12,
220,13674953,,맛소금.,2023.04.27 13:23,데이터 타입은 디바이스가 아니라 raw데이터의 데이터 타입입니다. 본문의 example을 다시 읽어보심 알 수 있습니다.
219,11796959,,후후,2017.08.18 14:03,좋은 글입니다.
210,12165647,,koo,2019.10.31 21:48,BLE에 관해 알아보면서 접속하게 되었습니다! 좋은 설명과 비유 너무 감사드립니다! (블로그 이름도 너무 멋지네요!)
210,12165667,12165647,맛소금.,2019.10.31 22:25,그렇게 말씀해주시니 기쁘네요^^ 고맙습니다.
210,12342194,,행인,2020.05.04 09:09,깔끔하게 핵심을 잘 정리해 놓으셔서 도움이 많이 되었습니다. 감사합니다.~
210,12342253,12342194,맛소금.,2020.05.04 09:30,고맙습니다^^
210,12371789,,Dpwjd,2020.05.27 18:01,"혹시 비콘 기술을 이용자가 원할때만 (예를 들어 버튼을 누를때만) 알림이나 정보, 어플리케이션이 실행되게 할 수 있나요?"
210,12371808,12371789,Dpwjd,2020.05.27 18:13,또 다수가 아닌 일대일로 비콘 알람이 갈수있게 할 수 있나요?
210,12371821,,맛소금.,2020.05.27 18:21,"비콘 신호를 특정 시점 또는 이벤트에 맞춰서 발생시킬수 있습니다. 다만, 비콘신호, advertising packet 은 브로드캐스팅 되는 것이라 특정 단말에만 전송은 안됩니다. 특정 단말만 알아보게 하고 싶다면 내용을 복호화 해서 전송하면 되지 않을까 싶네요~"
210,12371836,12371821,Dpwjd,2020.05.27 18:38,계속 질문드려서 죄송합니다 ㅠㅠ 저는 지금 버튼을 누르면 누른 사람( 제일 가까이에 있는 사람?)에게만 어플리케이션이 실행되게 하고 싶은 상황인데 복호화하는 과정을 거치면 실현 될 수 있나요? 전공자가 아니라서 질문이 많았네용 ...
210,12371843,,맛소금.,2020.05.27 18:54,"설명드려야 할 것이 너무 많은 질문이네요^^; 제일 가까이 있다는 것을 판단하기 어렵고, 그 사람이 계속 비콘 신호를 스캔하고 있어야 하는 어려움이 있습니다. 생각을 구체화 하다보면 어려움을 맞닥드리게 되는데, 그걸 어떻게 해결하느냐가 중요하죠. 불가능한것은 아닙니다."
210,12875241,,포럼지기,2021.09.26 02:21,운영중인 매장에서 지나가는 다수의 고객들에게 이벤트 정보 또는 할인 쿠폰 정보를 불루투스 메세지로 송출 가능할까요? 일반 불루트스 비콘은 수신 가능한 어플을 설치해야 메세지를 볼수있지만 간단한 홈피 연결 링크 정도와 상품 정보등 간단한 메세지를 특정 시간대별 한번씩 송출 작동 시킬수는 없는지요? ^^;; 전혀 방법이 없을까요?
210,12875429,12875241,맛소금.,2021.09.26 09:25,가능합니다. 전혀 어렵지 않습니다. 다만 송출할수 있는 메세지의 길이기 길지 않으므로 많은 짧은 링크 정도만 가능할것 같아요.
210,12875893,,포럼지기,2021.09.26 18:19,10자 이내의 글과 함께 링크 메세지가 가능하면 비콘 기기랑 관리자 앱을 추천 부탁 드려도 될까요? ㅠㅠ 연말 코로나로 어려워진 매장에 이벤트나 활인 쿠폰 링크로 해보려 합니다.. 도움 주실수 있으시면 사례하겠습니다~ ah9762@hanmail.net
210,12876725,12875893,맛소금.,2021.09.27 14:29,"안드로이드 사용중이시라면 ble 스캐너라는 앱으로 스캔도 되고, 송출도 됩니다. eddystone url 형식을 사용할 경우 url 주소는 17자 정도까지 가능합니다~ 무엇보다 사용자가 검색하지 않으면 확인이 안되는데 어떻게 사용하시려는 것인지요?"
210,12877562,12875893,포럼지기,2021.09.28 03:02,
210,12877624,,맛소금.,2021.09.28 07:58,옙. 그게 호락호락하지 않더라구요ㅠ 좋은 대안을 찾으셨길 바래요~
210,12877625,,맛소금.,2021.09.28 07:58,옙. 그게 호락호락하지 않더라구요ㅠ 좋은 대안을 찾으셨길 바래요~
179,11581779,,익명,2016.12.07 17:54,비밀댓글입니다.
179,11581781,11581779,맛소금.,2016.12.07 17:58,소오름~~~ㅎㅎ
178,11576557,,익명,2016.11.25 18:47,비밀댓글입니다.
178,11576659,11576557,익명,2016.11.25 23:34,비밀댓글입니다.
178,11807384,,지나가는사람,2017.09.08 15:41,
172,11529024,,익명,2016.08.22 15:42,비밀댓글입니다.
168,11809716,,익명,2017.09.13 23:46,비밀댓글입니다.
168,11821695,,익명,2017.10.12 14:25,비밀댓글입니다.
163,11426357,,조아하자,2016.04.20 22:46,저는 이 책 읽었었는데 내용을 까먹었네요 ㅡㅡ; 아무래도 다시 읽어봐야할듯...
163,11426360,11426357,맛소금.,2016.04.20 22:50,ㅎㅎ 제가 정리해 놓은 내용들로 기억을 되살려보세욧!ㅎ
158,11545228,,강우량,2016.09.22 16:30,
158,11545249,11545228,맛소금.,2016.09.22 17:03,도메인이 변경되었어요ㅠ 잘되는뎅ㅎ msalt.net 으로 접속하시면 되요~~^-^
151,11418251,,정,2016.04.08 22:51,우리 지역구에 배문선배 나오더라 3번이더라~
151,11418371,11418251,맛소금.,2016.04.09 01:16,밀어주자!ㅎㅎ
145,11376415,,래미네,2016.02.14 11:45,"작은 도서관은 어떤가요? 한국의 작은도서관 붐이 신규아파트 위주로 더 많이 확산되기도 했었죠. 우선 생각이 비슷하고 같은 곳을 바라보는 사람들과의 교류를 갖고 만들어 보시는 것, 원추! 그리고 응원합니다. 그리고 작은도서관도 공공성이 있는 게 당연하고요, 말씀하신데로 사람과 사람사이에 관계는 늘 지속적으로 이루어져야 한다는 것에 격하게 동감합니다. 그리고 꼭 이루실거라 믿습니다. ^^b"
145,11376650,,맛소금.,2016.02.14 21:39,고맙습니다! 화이팅!ㅎ
143,11362657,,익명,2016.01.24 23:48,비밀댓글입니다.
143,11362814,11362657,맛소금.,2016.01.25 06:33,고맙습니다. 진짜 힘이되는 댓글이네요! 오늘도 춥습니다. 따뜻하고 즐거운 하루 만드세요~^-^
134,11333171,,익명,2015.12.14 14:53,비밀댓글입니다.
132,11326804,,조아하자,2015.12.04 21:51,저는 우리나라 정치가 바뀌려면 기업들의 야근문화부터 없애야 한다고 생각합니다. 그래야 평범한 사람들이 정치에 더 많이 참여해서 나라를 바꾸죠. 맨날 야근하고 주말근무하는데 어떻게 일 외의 다른 부분에 시간과 여유를 내서 정치에 참여를 하겠어요.
132,11327769,11326804,맛소금.,2015.12.06 21:47,맞아요. 악순환이 계속 되는것 같아요.ㅠ 정말 숨돌릴 틈이 없죠. 여유가 좀 생기면 나와 타인의 삶에 대한 생각도 해보고 그럼 자연스레 정치도 관심을 갖게 될텐데...
129,11353053,,익명,2016.01.11 23:25,비밀댓글입니다.
129,11353057,11353053,맛소금.,2016.01.11 23:29,확인해 보겠습니다~~~고맙습니다.
129,11353161,,good!,2016.01.12 01:48,
129,11353281,11353161,맛소금.,2016.01.12 10:01,고맙습니다. 말씀해 주신부분은 요청이 많아서 고민중입니다ㅎ
129,11353266,,멋지네요,2016.01.12 09:48,
129,11353280,11353266,맛소금.,2016.01.12 09:59,고맙습니다. 피드백 주신것도 고민해 볼께요~^-^
129,11353296,,궁금증,2016.01.12 10:21,
129,11353297,11353296,맛소금.,2016.01.12 10:23,옙 고맙습니다. 실시간이라는 말은 넘 신경 안쓰셔도 될것 같습니다. 어차피 결과는 변하지 않는데...초기 구현 방법때문에 제가 그런 표현을 썼네요^^
129,11353758,,익명,2016.01.13 00:57,비밀댓글입니다.
129,11353759,11353758,v,2016.01.13 01:01,다시 보니 미래엠피아가 모든평형이 알림창이 뜨네요~ ^^
129,11353800,,익명,2016.01.13 05:04,비밀댓글입니다.
129,11356161,11353800,맛소금.,2016.01.16 12:52,"앗. 감사합니다. 텍사스에서까지ㅎㅎ 근데, 아파트 정보는 국토교통부 자료이고, 지도 정보는 주소를 바탕으로 구글이 검색해 주는 방식이라 둘다 데이터를 제가 직접 수정할 수가 없습니다ㅠ. 저는 모양만 바꿔서 보여드립니다.ㅎ"
129,11354225,,김선생,2016.01.13 20:55,잘 만들었네요~
129,11356073,,안녕하세요,2016.01.16 10:17,
129,11356164,11356073,맛소금.,2016.01.16 12:58,"의견 고맙습니다. 근데 평으로하면 같은 아파트에 같은평형에 다른 집이 구분이 안되고, 전용면적은 우리가 일반적으로 생각하는 공급면적과 달라서 혼선이 생길수도 있기에... 고민끝에 국토부 사이트와 동일하게 표시하였습니다.^^"
129,11366592,,상상노리,2016.01.29 15:31,
129,11366596,11366592,맛소금.,2016.01.29 15:33,"그래요? 저는 사이트 만드는 방법을 정리해서 올리까하다 어떤게 필요할지 마땅치 않아서 말았는데, 기회되면 정리해 볼께요~^^"
129,11375511,,LSC,2016.02.12 21:15,형 잘 보고 가요~~!
129,11377682,,165/49,2016.02.16 01:23,오유에서 보고 그이후 즐겨 찾고 또 유용히 보고 있습니다 감사합니다. ^^
129,11392371,,쵸코123,2016.03.05 19:01,"한가지 바라는 점은, 몇년치를 같은 한차트에서 볼수 있는 기능이 있으면 좋겠습니다"
129,11392701,11392371,맛소금.,2016.03.06 08:59,의견 감사드립니다. 3년치 정도면될까요? 좀 더 고민해보겠습니다.
129,11392827,,쵸코123,2016.03.06 13:36,네 감사합니다 3년치 정도면 좋겠네요
129,11402426,,익명,2016.03.20 06:26,비밀댓글입니다.
129,11402483,11402426,맛소금.,2016.03.20 09:44,"옙, 조만간 글을 올려보겠습니다! 요즘 조금 바빠서ㅠ 다음주는 되야 가능할것 같아요. 고맙습니다."
129,11402545,11402426,익명,2016.03.20 11:45,비밀댓글입니다.
129,11463134,,익명,2016.06.01 20:53,비밀댓글입니다.
129,11463135,,익명,2016.06.01 20:53,비밀댓글입니다.
129,11464552,11463135,익명,2016.06.03 08:04,비밀댓글입니다.
129,11512256,,이름,2016.07.25 19:04,
129,11512314,11512256,맛소금.,2016.07.25 20:53,고맙습니다. 힘이나네요~ :)
129,11519325,,익명,2016.08.05 21:07,비밀댓글입니다.
129,11519333,11519325,맛소금.,2016.08.05 21:27,잘되는데요? 주소가 변경되었습니다. 도메인 계약이 끝나서...http://msalt.net/apt/ 요기로 접속해보세요~~^-^
129,11542869,,뿌따마드레,2016.09.18 17:08,
129,11542954,11542869,익명,2016.09.18 20:59,비밀댓글입니다.
129,11608916,,호빵,2017.01.21 17:27,2017년 자료도 검색할수 있게 해주세요
129,11611942,11608916,맛소금.,2017.01.25 18:00,예! 혹시 더 필요하신것이 있으시면 여기에 글을 남겨주세요~
129,11348001,,좋네요,2016.01.04 14:18,
129,11348002,11348001,맛소금.,2016.01.04 14:19,하이차트입니다
129,11348414,,감사합니다,2016.01.04 23:57,거래정보를 한눈에 확인할 수 있어 너무 좋네요 감사합니다!
129,11348420,,좋아요,2016.01.05 00:09,한가지 바라는 점은 조회중 연도를 바꿔도 기존에 선택됐던 아파트단지/평수가 유지되면 좋겠습니다
129,11349015,11348420,맛소금.,2016.01.05 20:48,고민해 보겠습니다. 고맙습니다!
129,11349114,11348420,맛소금.,2016.01.05 23:35,수정했습니다~! 내일 확인해 보셔요~ ^0^
129,11350453,,수지우,2016.01.07 22:36,온산1차는없나요?
129,11350474,11350453,맛소금.,2016.01.07 22:58,아파트이름인가요? 지역이 어떻게 되나요?
129,11351210,,익명,2016.01.09 01:06,비밀댓글입니다.
129,11351792,11351210,맛소금.,2016.01.09 23:06,고맙습니다~ ^0^
129,11352644,,익명,2016.01.11 11:13,비밀댓글입니다.
129,11353056,11352644,맛소금.,2016.01.11 23:29,"좋게 평가해 주셔서 고맙습니다. 이제 집에 들어가네요ㅠ 실시간으로 가져오는걸 자세히 설명드리기도 힘든데, 실제 사이트에서 데이터를 가져와서 사용한다고 보심될것 같아요. 실시간 이란 의미도 좀 모호하지만, 지금은 제 디비에 많이 옮겨서 더욱 그렇습니다."
124,11362672,,익명,2016.01.24 23:58,비밀댓글입니다.
124,11362816,11362672,맛소금.,2016.01.25 06:35,ㅎㅎ 국수 만들다가 환상적인 멸치 안주를 발견했었죠ㅎ
118,13228593,,맛소금,2022.06.27 22:19,
115,11775476,,맛소금,2017.07.19 21:09,이제와서 돌아보니...손발이 오그라든다!ㅋㅋㅋㅋㅋㅋㅋㅋㅋㅋㅋㅋ
112,11421806,,ㅇㅇ,2016.04.13 23:59,봇은 그룹에서 없앨수없나요?ㅠㅠ
112,11421819,11421806,맛소금.,2016.04.14 00:12,있을텐데요? 그룹에 멤버도 쫒아낼수 있어요. 초대한 사람이...아마 봇도 초대한 사람이 쫒아낼 수 있을 것 같아요. 요즘은 잘 안써서...;;;
112,11991681,,123123123,2018.09.12 23:10,저기 소셜라이즈는 어디서찾아요?.. 봇검색 어디서하는지 모르겟어요ㅠㅠ
112,12414157,,익명,2020.07.16 08:31,비밀댓글입니다.
112,12414201,12414157,익명,2020.07.16 10:08,비밀댓글입니다.
112,13147019,,익명,2022.04.26 00:59,비밀댓글입니다.
112,13147020,13147019,ㄹㄹ,2022.04.26 01:00,비밀글 확인하는 방법도 모르네요 ㅠ
112,13147040,13147019,맛소금.,2022.04.26 01:48,저도 잘 모르겠어요ㅠ
105,11259775,,조아하자,2015.08.30 22:08,마케팅으로 밥벌어먹는 사람도 이 책의 내용에 대해서는 칭찬을 하더군요. 마케팅의 훌륭한 입문서라며... 그만큼 좋은 책이라는 뜻이겠죠?
105,11259992,11259775,맛소금.,2015.08.31 12:11,예~ 간결하고 단순하면서도 가볍지않고 많은 내용을 담고 있으면서도 복잡하지 않게 잘 쓰여진 책인것 같아요~~ 무엇보다 의도나 생각을 제대로 전달하고 있어서 참 좋네요!ㅎ
105,11260095,,"현대해상 좋은 블로그, Hi",2015.08.31 16:03,
105,11260316,11260095,맛소금.,2015.08.31 23:10,"아직 못 읽어봤는데, 읽고있는 소설""허삼관 매혈기"" 다읽고 읽어봐야겠네요~~ㅎ 고맙습니다."
99,11585508,,haemill,2016.12.15 10:40,엄청 도움 되었어요. 감사합니다.
99,11585510,11585508,맛소금.,2016.12.15 10:42,도움이 되었다니 기쁘네요! :)
99,11738524,,지니,2017.06.06 09:54,
99,11738793,11738524,맛소금.,2017.06.06 17:48,"오래전에 쓴 글인데, 다시 보니 부족함이 많은데 도움 되셨다니 기쁘네요. 즐거운 여행되시길 바래요~"
99,11798044,,꿀팁,2017.08.20 20:12,부모님 운전면허 갱신 때 쓸 증명사진이 덕분에 많은 도움이 됐네요~ 꿀팁입니다 꿀팁~!
98,11251170,,익명,2015.08.14 13:07,비밀댓글입니다.
98,11251173,11251170,맛소금.,2015.08.14 13:17,예~^-^
95,11253626,,방가연,2015.08.19 10:12,로즈마리..언제살아나나요?
95,11253722,,맛소금,2015.08.19 12:28,일부 줄기는 살고 일부는 죽은거죠ㅎ 갈라진 형제들의 운명.
95,12861772,,익명,2021.09.13 13:52,비밀댓글입니다.
95,12861778,12861772,맛소금.,2021.09.13 13:57,그럴 수도 있을것 같아요. 로즈마리는 쉽지 않더라구요ㅠ
94,11245758,,알 수 없는 사용자,2015.08.05 06:54,어느 정도 지나면.. 블로그 개편은 하게 되더라구요..ㅎㅎ
94,11246122,,행인,2015.08.05 16:18,
94,11246307,11246122,맛소금.,2015.08.05 23:38,예~ 고맙습니다~
83,12188440,,나그네,2019.12.19 18:25,정보 감사합니다^^
35,14586414,,김현균,2023.11.04 16:46,
1,21488047,,salt,2025.06.17 20:38,저도 감사합니다. 사랑합니다.
