url,type,status,title
https://blog.msalt.net/,home,ok,고마워서 만든 블로그 by 맛소금
https://blog.msalt.net/1,post,ok,블로그를 시작하며...
https://blog.msalt.net/10,post,ok,마크다운 에디터를 써보세요.
https://blog.msalt.net/101,post,ok,쪼는 문화에대한 단상
https://blog.msalt.net/102,post,ok,깃 허브 스타일로 구글 Syntax Highlighter prettify 적용하기
https://blog.msalt.net/103,post,ok,[DIY] 공간박스로 알뜰한 아이들 원목 책장 만들기
https://blog.msalt.net/104,post,ok,[이달의 노래] 1507 공부해서 남 주자!
https://blog.msalt.net/105,post,ok,[독후감] 마케팅 불변의 법칙-스타트업 추전도서
https://blog.msalt.net/106,post,ok,텔레그램 기반의 혁신적인 메신저 소셜라이저 소개
https://blog.msalt.net/107,post,ok,"[독후감] 개발자, 웹 디자인에 뛰어들다"
https://blog.msalt.net/108,post,ok,나의 주식 투자 원칙 공개
https://blog.msalt.net/109,post,ok,[이달의 노래] 1508 Always
https://blog.msalt.net/110,post,ok,육아의 즐거움
https://blog.msalt.net/111,post,ok,파비콘favicon 만들어서 블로그에 적용하기 - 김프gimp사용
https://blog.msalt.net/112,post,ok,텔레그램telegram 봇bot 사용법 소개 및 후기
https://blog.msalt.net/113,post,ok,영원히 살 것처럼 꿈 꿔라. 오늘 죽을 것처럼 살아라.
https://blog.msalt.net/115,post,ok,맛소금 아이콘 소개
https://blog.msalt.net/116,post,ok,아마존AWS 다이나모DynamoDB String Set 타입 정렬 문제
https://blog.msalt.net/117,post,ok,"등심환 선인장Mammillaria backebergiana 키우기, 번식, 발육 정보"
https://blog.msalt.net/118,post,ok,깃 git 활용/사용/응용 팁
https://blog.msalt.net/119,post,ok,1509 비상
https://blog.msalt.net/12,post,ok,[독후감] 청결의 역습
https://blog.msalt.net/120,post,ok,삼성 오픈소스 컨퍼런스(소스콘)에서 리눅스 토발즈를 만나자!
https://blog.msalt.net/121,post,ok,[Tip] 휴대폰 교체 시 데이터 이동 및 백업만큼 중요한 것 - USIM 서비스 정리
https://blog.msalt.net/122,post,ok,[짧은 고찰] 지금 집을 사야할까?
https://blog.msalt.net/123,post,ok,화성환 선인장(Echinopsis) 분갈이 및 번식
https://blog.msalt.net/124,post,ok,[요리 후기] 집밥 백선생 레시피 응용 멸치 국수
https://blog.msalt.net/125,post,ok,이케아 광명 방문기 + 포엥 암체어 구입/조립후기
https://blog.msalt.net/127,post,ok,사람의 마음과 생각을 이해하려면...
https://blog.msalt.net/128,post,ok,구글 웹로그 분석(Google Analytics) 스팸/쓰레기 데이터 걸러내기
https://blog.msalt.net/129,post,ok,아파트실거래가차트를 소개합니다.
https://blog.msalt.net/13,post,ok,블로그 자동 넓이 조정
https://blog.msalt.net/130,post,ok,1510 No Make Up
https://blog.msalt.net/131,post,ok,하이차트(highcharts) 부트스트랩(bootstrap) 넓이 오류 문제
https://blog.msalt.net/132,post,ok,"[독후감] 문제는 경제다, 우리 경제의 문제는 공정의 문제"
https://blog.msalt.net/133,post,ok,"일회용 플라시틱 컵 재활용, 대봉 케리어ㅋ"
https://blog.msalt.net/134,post,ok,[독후감] 빅피처 2016 특이점과 마주한 사회를 후딱 읽고...
https://blog.msalt.net/135,post,ok,"용산 전쟁기념관 어린이 박물관, 한겨울 아이들 데리고 갈만한 곳!"
https://blog.msalt.net/136,post,ok,세월호가 바닷속으로 가져가 버린 우리의 신뢰
https://blog.msalt.net/137,post,ok,WinSCP 권한 오류 Permission denied code 3 무시 설정
https://blog.msalt.net/138,post,ok,Tizen 2.4 SDK 윈도우 설치
https://blog.msalt.net/139,post,ok,IoT 아직은 아니다! 결코 가깝지 않은 미래
https://blog.msalt.net/14,post,ok,블로그를 하면 좋은점...
https://blog.msalt.net/140,post,ok,한살림 후레이크(플레이크) 소개
https://blog.msalt.net/141,post,ok,광고가 싫어요 없애주면 안될까요?...저도 싫지만 항상 그렇진 않아요.
https://blog.msalt.net/142,post,ok,"1512 달이 차오른다, 가자"
https://blog.msalt.net/143,post,ok,[독후감] 내가 상상하면 현실이 된다 - 상상하자!
https://blog.msalt.net/144,post,ok,보험 꼭 필요한가? 없어도 될까?
https://blog.msalt.net/145,post,ok,[꿈이야기] 도서관을 만들고 싶어요
https://blog.msalt.net/146,post,ok,"onbeforeunload 사용팁, 카카오톡 인앱 브라우저에서 문제 임시해결 방법"
https://blog.msalt.net/147,post,ok,배수 구멍 없는 이케아 화분 사용법
https://blog.msalt.net/148,post,ok,"절대비밀을 전달하는 간편한 방법 - 절대비밀, 스스로 보안"
https://blog.msalt.net/149,post,ok,손쉽게 나만의 기어 S2 시계를 만들자! 기어 왓치 디자이너 출시!
https://blog.msalt.net/15,post,ok,웹에서 글쓰기 - 폰트 및 화면 설정
https://blog.msalt.net/150,post,ok,"타이젠 기어 S2 DUID 관련 에러, compareDUID(CompositeRunOnDevice.java:712)"
https://blog.msalt.net/151,post,ok,한국정치 속 안철수를 응원합니다
https://blog.msalt.net/152,post,ok,1601 별일 없이 산다
https://blog.msalt.net/153,post,ok,[타이젠 기어 S2] 기어 왓치 디자이너로 나만의 시계만들기
https://blog.msalt.net/154,post,ok,혼자있는 시간
https://blog.msalt.net/155,post,ok,"[독후감] 사업의 철학, 마이클 거버"
https://blog.msalt.net/156,post,ok,[독후감] 허삼관 매혈기를 읽고
https://blog.msalt.net/157,post,ok,"[독후감] 슈퍼차이나 - 역시 대륙, 과연 대륙은 다르구나"
https://blog.msalt.net/158,post,ok,아파트실거래가차트 개발 후기 #1
https://blog.msalt.net/159,post,ok,아파트실거래가차트 개발 후기 #2
https://blog.msalt.net/16,post,ok,맘의 문을 열고 우리 나갈길을 찾아요 - 이케아세대 그들의 역습이 시작됐다
https://blog.msalt.net/160,post,ok,인생은 지우개 없이 그리는 예술이다.
https://blog.msalt.net/161,post,ok,가난해도 유기농을 먹습니다.
https://blog.msalt.net/162,post,ok,20대 국회의원 안철수와 국민의당을 기대해 봅니다
https://blog.msalt.net/163,post,ok,[독후감] 오래가는 UX 디자인 - 좋은 UX책!
https://blog.msalt.net/164,post,ok,타이젠 기어 S2 수익 공개! - 스토어 등록 후기
https://blog.msalt.net/165,post,ok,"프로그래뮤저, Programuser 시대가 온다! - 코딩을 배우세요!"
https://blog.msalt.net/166,post,ok,친환경 깍지벌레 퇴치법!
https://blog.msalt.net/167,post,ok,1606 착하게 살어
https://blog.msalt.net/168,post,ok,도메인 만료 후 같은 웹서버로 도메인만 변경하기 301 Redirection
https://blog.msalt.net/169,post,ok,기어 왓치페이스 디버깅 팁 Gear Tizen Webapp Watchface Debuging Tip
https://blog.msalt.net/17,post,ok,너무 서두르지 마세요 - 엄마 교과서
https://blog.msalt.net/170,post,ok,삼성전자 Tizen Talks DevSchool 행사 소개!
https://blog.msalt.net/171,post,ok,Tizen WebApp App Control Example and Tip - Media 파일 pick 하기!
https://blog.msalt.net/172,post,ok,[독후감] 제로 투 원 Zeor to One - 0에서 1이 되는 방법을 알려주는 책
https://blog.msalt.net/173,post,ok,사랑은
https://blog.msalt.net/174,post,ok,1607 금요일에 만나요
https://blog.msalt.net/175,post,ok,배란다에 박쥐가 날라왔어요
https://blog.msalt.net/176,post,ok,[독후감] 왜 내 ppt 자료는 2% 부족할까 - 2%로만?
https://blog.msalt.net/177,post,ok,"타이젠 플랫폼 버전과 디바이스 기능 확인하는 방법, How to check Tizen OS version and features of target devices"
https://blog.msalt.net/178,post,ok,오픈그록 OpenGrok 고급진 사용법
https://blog.msalt.net/179,post,ok,국정 농단으로 다시 만난 51%
https://blog.msalt.net/18,post,ok,초록이들 소개 - 1
https://blog.msalt.net/180,post,ok,빈 배
https://blog.msalt.net/183,post,ok,타이젠 어플리케이션 개발 시작하기
https://blog.msalt.net/184,post,ok,레프 톨스토이 인생 10훈
https://blog.msalt.net/185,post,ok,타이젠 Native UIFW (EFL) Base Scale 에 대한 사실
https://blog.msalt.net/188,post,ok,[독후감] 웹 기획자가 알아야 할 글 쓰기의 모든것
https://blog.msalt.net/189,post,ok,"애자일, 스토리 포인트, 그리고 IPM"
https://blog.msalt.net/190,post,ok,[독후감] 2018 인구절벽이 온다
https://blog.msalt.net/191,post,ok,"박시백의 조선왕조실록 - 6권 예종, 성종실록"
https://blog.msalt.net/192,post,ok,박시백의 조선왕조실록 - 7권 연산군 일기
https://blog.msalt.net/193,post,ok,박시백의 조선왕조실록 - 8권 중종실록
https://blog.msalt.net/194,post,ok,소통과 단합을 위한 감성 보드 게임 추천! - 딕싯 Dixit
https://blog.msalt.net/195,post,ok,박시백의 조선왕조실록 - 9권 인종.명종실록
https://blog.msalt.net/196,post,ok,그런 길은 없다
https://blog.msalt.net/197,post,ok,"담양, 광주 여행 후기"
https://blog.msalt.net/198,post,ok,아픈만큼 성장한다
https://blog.msalt.net/199,post,ok,[영화] SAW
https://blog.msalt.net/20,post,ok,티스토리 본문 이미지 가로폭을 넘어갈 때 추가 해결 방법
https://blog.msalt.net/200,post,ok,타이젠 앱 개발자을 위한 오픈그록 OpenGrok TizenXRef 소개
https://blog.msalt.net/201,post,ok,"Show me the money 의 유혹, 로또"
https://blog.msalt.net/202,post,ok,[영화] The Big Short
https://blog.msalt.net/203,post,ok,[자마린 앱 개발] Chapter 1. How Does Xamarin.Forms fit in?
https://blog.msalt.net/204,post,ok,[영화] 터널
https://blog.msalt.net/205,post,ok,2017 봄 - 오토리버스
https://blog.msalt.net/206,post,ok,윤태호 만화 인천상륙작전 - 1권 해방과 혼란
https://blog.msalt.net/207,post,ok,윤태호 만화 인천상륙작전 - 2권 잔인한 여름
https://blog.msalt.net/208,post,ok,[자마린 앱 개발] Chapter 2. Anatomy of an app
https://blog.msalt.net/209,post,ok,윤태호 만화 인천상륙작전 - 3권 극단의 시대
https://blog.msalt.net/21,post,ok,좋은글) 사랑은 끝없이 용서하는것
https://blog.msalt.net/210,post,ok,"BLE, Bluetooth Low Energy 비콘 간단 정리"
https://blog.msalt.net/211,post,ok,윤태호 만화 인천상륙작전 - 4권 전쟁의 서막
https://blog.msalt.net/212,post,ok,윤태호 만화 인천상륙작전 - 5권 팔미도의 밤
https://blog.msalt.net/213,post,ok,카카오 뱅크 금리 및 CMA 같은 활용법
https://blog.msalt.net/214,post,ok,외벌이 가부장에게 전하는 말 - 고백 그리고 반성
https://blog.msalt.net/215,post,ok,[영화] 결혼하지 않아도 괜찮을까
https://blog.msalt.net/216,post,ok,[자마린 앱 개발] Chapter 3. Deeper into Text
https://blog.msalt.net/217,post,ok,윤태호 만화 인천상륙작전 - 6권 아비규환
https://blog.msalt.net/218,post,ok,낯선 사람 만나기
https://blog.msalt.net/219,post,ok,낯선 기술을 두려워 하지 말라
https://blog.msalt.net/22,post,ok,[노래] 1408_괜찮은 여름
https://blog.msalt.net/220,post,ok,BLE Advertise Packet 내용 자세히 알아보기
https://blog.msalt.net/221,post,ok,기술 발전에 쫒기는 개발자여 스트레스 받지 말자
https://blog.msalt.net/222,post,ok,AWS 람다로 서버 없이 간단한 REST API 만들기 - 경험담
https://blog.msalt.net/223,post,ok,[영화] 어바웃 타임 About Time
https://blog.msalt.net/224,post,ok,루카스 블랙박스 LK-9150 AS 후기
https://blog.msalt.net/225,post,ok,Nodejs 프로세스 매니저 PM2 사용법
https://blog.msalt.net/226,post,ok,Good requirements practices are neither necessary nor sufficient
https://blog.msalt.net/227,post,ok,그랬구나
https://blog.msalt.net/228,post,ok,Laggards Customer의 적응단계
https://blog.msalt.net/229,post,ok,익명으로
https://blog.msalt.net/23,post,ok,[노래] 1409_안녕히계세요
https://blog.msalt.net/230,post,ok,검색엔진 최적화(SEO) 방법 핵심 정리
https://blog.msalt.net/231,post,ok,Software Architect에 대한 단상
https://blog.msalt.net/232,post,ok,서랍속에서 리더쉽을 꺼내 본다
https://blog.msalt.net/233,post,ok,박시백의 조선왕조실록 - 10권 선조실록
https://blog.msalt.net/234,post,ok,Architect 교육이 끝나고나서...feat.김수동 교수님
https://blog.msalt.net/235,post,ok,Angular에 Webpack 적용 후기 & Tip
https://blog.msalt.net/236,post,ok,MongoDB 소소한 정리
https://blog.msalt.net/237,post,ok,젊은 시인에게 주는 충고
https://blog.msalt.net/238,post,ok,정녕 우리나라 대학교는 직장인을 양성하는 곳인가
https://blog.msalt.net/239,post,ok,현명한 가상화폐(비트코인) 투자 방법
https://blog.msalt.net/24,post,ok,[노래] 1410_시작
https://blog.msalt.net/240,post,ok,박시백의 조선왕조실록 - 11권 광해군일기
https://blog.msalt.net/241,post,ok,Software와 관련된 지식 조각
https://blog.msalt.net/242,post,ok,맛소금 비밀 보관함 소개
https://blog.msalt.net/243,post,ok,[독후감] 프로그래머 철학을 만나다
https://blog.msalt.net/244,post,ok,[독후감] 82년생 김지영 - 남일 같지 않은 이야기
https://blog.msalt.net/245,post,ok,좋은 프로그래머란? - 코드로 동료를 배려하는 사람
https://blog.msalt.net/246,post,ok,타이젠 Web Application 개발 팁
https://blog.msalt.net/247,post,ok,BLE iBeacon Eddystone packet format 분석
https://blog.msalt.net/248,post,ok,VS Code에서 Markdown 사용법!
https://blog.msalt.net/249,post,ok,좋은 프로그래머란?(2) - 언제나 옳은 프로그래밍을 하자
https://blog.msalt.net/25,post,ok,[노래] 1411_자전거 탄 출근길
https://blog.msalt.net/250,post,ok,AWS CloudFront와 S3로 Private Content 전달 방법
https://blog.msalt.net/251,post,ok,토큰 기반 인증 간단 정리 Token based Authentication
https://blog.msalt.net/252,post,ok,구글 Keep 줄바꿈 문자로 두줄 띄워지는 문제
https://blog.msalt.net/253,post,ok,블로그 스타일 변경
https://blog.msalt.net/254,post,ok,인공지능 액면가 분석기 며짤을 공개합니다
https://blog.msalt.net/255,post,ok,AWS Elastic Beanstalk Tomcat log를 CloudWatch로 Streaming
https://blog.msalt.net/256,post,ok,소프트웨어 장인 - 읽는다고 장인이 되는건 아니다
https://blog.msalt.net/257,post,ok,2018 Love Me Love Me
https://blog.msalt.net/258,post,ok,"한국, 인터넷과 스마트폰 접근율 세계 1위"
https://blog.msalt.net/259,post,ok,[체험 후기] 광명 동굴 가지마세요! 비추!
https://blog.msalt.net/26,post,ok,자료 백업 방법
https://blog.msalt.net/260,post,ok,[독후감] 비즈니스 모델의 탄생(Business Model Gerneration)
https://blog.msalt.net/261,post,ok,카카오 카풀과 붉은 깃발법 그리고 한국 경제 성장률 하향 조정
https://blog.msalt.net/262,post,ok,"[독후감] 내 몸속의 우주, 질병부터 성격까지 좌우하는 미생물의 힘"
https://blog.msalt.net/263,post,ok,[독후감] 나는 직장에 다니면서 12개의 사업을 시작했다
https://blog.msalt.net/264,post,ok,"ESP8266 nodeMCU, D1 mini 개발환경 시작하기"
https://blog.msalt.net/265,post,ok,[영화] 바스터즈 나쁜녀석들 - 재미있고 짜릿하면서도 여운이 남는 영화!
https://blog.msalt.net/266,post,ok,nodeMCU D1 mini 동작감지하여 스마트폰 또는 PC에 Push 알림 전달하기
https://blog.msalt.net/267,post,ok,nodeMCU Pushbullet HTTPS Handshake Fail Error: 40
https://blog.msalt.net/268,post,ok,[영화] 인터스텔라 - 누구나 좋아할 만한 SF영화
https://blog.msalt.net/269,post,ok,안되면 되게 하는 능력의 진실
https://blog.msalt.net/27,post,ok,"참치 영양의 보고인가 중금속, 방사능 덩이리인가?"
https://blog.msalt.net/271,post,ok,"설악산 대청봉 1박 2일 일출코스 - 백담사, 쌍용폭포, 봉정암, 소청, 중청 대피소, 오색 온천, 양양"
https://blog.msalt.net/272,post,ok,타이젠 IoT를 활용한 텔레그램 스마트 CCTV 만들기
https://blog.msalt.net/273,post,ok,에버랜드 판다 관찰 일기
https://blog.msalt.net/274,post,ok,[독후감] 인공지능 투자가:퀀트
https://blog.msalt.net/275,post,ok,[T.Viewer 개발일기] 1. README.md로 시작
https://blog.msalt.net/276,post,ok,"2019 가을, 라면인건가"
https://blog.msalt.net/278,post,ok,[T.Viewer 개발일기] 2. 첫 앱 만들기
https://blog.msalt.net/279,post,ok,"[T.Viewer 개발일기] 3. Vue & Vuetify, Webpack"
https://blog.msalt.net/28,post,ok,당신은 현명한 부모입니까?
https://blog.msalt.net/280,post,ok,[SMTM 개발일기] 1. 파이썬으로 가상화폐 자동매매 시스템을 만들어보자
https://blog.msalt.net/281,post,ok,[T.Viewer 개발일기] 4. 개발 일정 정하기
https://blog.msalt.net/282,post,ok,타이젠은 당신의 손길을 기다립니다.
https://blog.msalt.net/283,post,ok,[SMTM 개발일기] 2. 시뮬레이터 요구사항 정리
https://blog.msalt.net/284,post,ok,[독후감] 2020 부의 지각변동 - 경제 공부를 통해 줏대를 갖자
https://blog.msalt.net/285,post,ok,절대 평가란 없다
https://blog.msalt.net/286,post,ok,[T.Viewer 개발일기] 5. 단위 테스트를 합니다
https://blog.msalt.net/287,post,ok,개발자에게 뽀모도로 기법이란?
https://blog.msalt.net/288,post,ok,[SMTM 개발일기] 3. 개발환경 및 프로젝트 구조
https://blog.msalt.net/289,post,ok,[독후감] 숨결이 바람 될 때
https://blog.msalt.net/29,post,ok,좋은글) 행복의 조건
https://blog.msalt.net/290,post,ok,Shared Library가 링크되는 과정
https://blog.msalt.net/291,post,ok,[독후감] 교실 속 자존감 - 함께 행복하자!
https://blog.msalt.net/292,post,ok,"C# async, await와 TAP 놀랍지만..."
https://blog.msalt.net/293,post,ok,Android Jetpack은 API가 아니다
https://blog.msalt.net/294,post,ok,"circleci, docker, ssh 그리고 github 연동의 슬픈 이야기"
https://blog.msalt.net/295,post,ok,오픈소스로 개발하면 좋은점 - 1
https://blog.msalt.net/296,post,ok,"[독후감] 90년생이 온다 - 간단함, 병맛, 솔직함"
https://blog.msalt.net/297,post,ok,C# .NET IDisposable을 이용한 Dispose pattern과 SafeHandle
https://blog.msalt.net/298,post,ok,[.NET] A callback was made on a garbage collected delegate of type
https://blog.msalt.net/3,post,ok,블로그 스킨 변경 및 설정
https://blog.msalt.net/30,post,ok,그런적은 없었는가
https://blog.msalt.net/300,post,ok,"mDNS, DNS-SD - Discovery 문제 IGMP를 확인하자"
https://blog.msalt.net/301,post,ok,[T.Viewer 개발일기] 6. PoC를 먼저 해보자
https://blog.msalt.net/302,post,ok,Tizen .Net Xamarin.Forms - Project 구조
https://blog.msalt.net/303,post,ok,[T.Viewer 개발일기] 7. 모방은 창조의 어머니
https://blog.msalt.net/304,post,ok,Tizen .Net Xamarin.Forms - CI 적용
https://blog.msalt.net/305,post,ok,[T.Viewer 개발일기] 8. PoC 검증
https://blog.msalt.net/306,post,ok,Tizen .Net Xamarin.Forms - MVVM 적용
https://blog.msalt.net/307,post,ok,Tizen .Net Xamarin.Forms - Navigation
https://blog.msalt.net/308,post,ok,[T.Viewer 개발일기] 9. Vuetify 소소한 수정
https://blog.msalt.net/309,post,ok,[T.Viewer 개발일기] 10. regex 정규식 검색
https://blog.msalt.net/310,post,ok,[T.Viewer 개발일기] 11. ACE Editor
https://blog.msalt.net/311,post,ok,"[독후감] 조화로운 삶 - 헬렌 니어링, 스코트 니어링"
https://blog.msalt.net/312,post,ok,[T.Viewer 개발일기] 12. Optimization
https://blog.msalt.net/313,post,ok,[T.Viewer 개발일기] 13. Release 준비
https://blog.msalt.net/314,post,ok,T.Viewer 오픈소스 하길 잘했네
https://blog.msalt.net/315,post,ok,[독후감] 만화로 읽는 피케티의 21세기 자본
https://blog.msalt.net/316,post,ok,Tizen .Net Xamarin.Forms - 설치 에러
https://blog.msalt.net/317,post,ok,[독후감] 유병재 농담집 블랙코미디
https://blog.msalt.net/318,post,ok,[독후감] 파이썬으로 배우는 알고리즘 트레이딩
https://blog.msalt.net/319,post,ok,[T.Viewer 개발일기] 부록. PR하기
https://blog.msalt.net/32,post,ok,식품 첨가물 빼는 방법 from 아이의 식생활
https://blog.msalt.net/320,post,ok,[독후감] 개발자를 위한 파이썬
https://blog.msalt.net/321,post,ok,[Python] Pacakge에서 모듈간 import 에러 __init__.py 순서
https://blog.msalt.net/322,post,ok,python coverage with unittest 적용하기 feat. travis
https://blog.msalt.net/323,post,ok,[T.Viewer] electron + jest desktop application에 codecov 적용기
https://blog.msalt.net/324,post,ok,[SW 이야기] EAFP vs LBYL
https://blog.msalt.net/325,post,ok,SOLID - SRP 단일 책임의 법칙
https://blog.msalt.net/326,post,ok,라즈베리파이 우분투 openssh-server Failed with result 'exit-code'
https://blog.msalt.net/327,post,ok,라즈베리파이 Jupyter notebook 외부 접속 안될때
https://blog.msalt.net/328,post,ok,[T.Viewer 개발일기] 부록. CI/CD feat.travis
https://blog.msalt.net/329,post,ok,Tizen Log Viewer T.Viewer를 소개합니다.
https://blog.msalt.net/33,post,ok,사마천의 사기에 나온 재테크 방법
https://blog.msalt.net/330,post,ok,관악산 등산 사당역-연주대-과천역 4시간 코스
https://blog.msalt.net/331,post,ok,[독후감] 뒤늦게 클린 아키텍처를 읽고
https://blog.msalt.net/332,post,ok,브라우저로 텔레그램 챗봇 만들기
https://blog.msalt.net/333,post,ok,[독후감] 암호화폐 자동매매 시스템 with 파이썬 - 출판 후기
https://blog.msalt.net/334,post,ok,[독후감] 오케이 아웃도어닷컴에 OK는 없다
https://blog.msalt.net/335,post,ok,[독후감] 방구석 미술관
https://blog.msalt.net/336,post,ok,파이썬 빠르게 제대로 익히는 방법
https://blog.msalt.net/337,post,ok,[독후감] 1984 - 조지오웰
https://blog.msalt.net/338,post,ok,리뷰하다가 프로젝트 틀어질 뻔한 썰
https://blog.msalt.net/339,post,ok,[Double Check] 안드로이드 어플리케이션 오픈소스 프로젝트
https://blog.msalt.net/34,post,ok,맛집) 행주산 국수
https://blog.msalt.net/340,post,ok,2022 가을 캠핑의 기록
https://blog.msalt.net/341,post,ok,[Double Check-02] 수정 즉시 업데이트되는 EditText in RecyclerView
https://blog.msalt.net/342,post,ok,[독후감] 마음의 법칙 - 사람의 마음을 사로잡는 51가지 심리학
https://blog.msalt.net/343,post,ok,[독후감] 데일 카네기의 인간 관계론
https://blog.msalt.net/344,post,ok,[독후감] 인생의 허무를 어떻게 할 것인가
https://blog.msalt.net/345,post,ok,산세베리아 태희 분갈이
https://blog.msalt.net/346,post,ok,[독후감] 그대가 곁에 있어도 나는 그대가 그립다
https://blog.msalt.net/347,post,ok,[독후감] 참을 수 없는 존재의 가벼움
https://blog.msalt.net/348,post,ok,[독후감] 하룻밤에 읽는 한국사
https://blog.msalt.net/349,post,ok,[독후감] 딜리버링 해피니스
https://blog.msalt.net/35,post,ok,"포토북 만들기, 3번째 가족앨범 만들면서... - 첫번째"
https://blog.msalt.net/350,post,ok,[독후감] 장하준의 경제학 레시피
https://blog.msalt.net/351,post,ok,[독후감] 여행의 이유
https://blog.msalt.net/352,post,ok,[독후감] 더 좋은 삶을 위한 철학 How to Be Perfect
https://blog.msalt.net/353,post,ok,[독후감] 빌 캠벨 실리콘밸리의 위대한 코치 - 1조 달러 코치
https://blog.msalt.net/354,post,ok,[독후감] 배민스토리 - 2023 우아한형제들 가치경영보고서
https://blog.msalt.net/355,post,ok,[독후감] 실용주의 프로그래머
https://blog.msalt.net/356,post,ok,콘크리트 유토피아 다음 소희 그리고 세월호
https://blog.msalt.net/357,post,ok,[독후감] 김훈 에세이 - 자전거 여행
https://blog.msalt.net/358,post,ok,[독후감] 인생 9단
https://blog.msalt.net/359,post,ok,Wear OS Data Layer - java.lang.IllegalArgumentException: Buffer is closed
https://blog.msalt.net/36,post,ok,좋은글) 가난한 사람은 돈이 없는 사람이 아니라 꿈이 없는 사람이다
https://blog.msalt.net/360,post,ok,[독후감] 넛지 Nudge
https://blog.msalt.net/37,post,ok,초록이들 겨울나기 + 천연 가습기 노릇하기
https://blog.msalt.net/4,post,ok,산세베리아 번식
https://blog.msalt.net/44,post,ok,요리 경험담) 만두피까지 손수 만든 손만두의 노하우 기록
https://blog.msalt.net/45,post,ok,[노래] 1412_추억
https://blog.msalt.net/46,post,ok,"물이 맑으면 고기가 없고, 사람이 너무 따지면 따르는 이가 없다"
https://blog.msalt.net/5,post,ok,html을 위한 텍스트 에디터(Text Editor) 경험
https://blog.msalt.net/53,post,ok,"포토북 만들기, 3번째 가족앨범 만들면서... - 두번째"
https://blog.msalt.net/54,post,ok,"오마바의 새해 국정연설을 보며, 우리의 슬픈 정치 현실을 생각한다"
https://blog.msalt.net/55,post,ok,책이 왜 좋은지와 많이 빨리 읽는 방법에 대해...
https://blog.msalt.net/59,post,ok,[사용기] CJ헬로모바일 알뜰폰 추천합니다~
https://blog.msalt.net/6,post,ok,문단 그리고 줄바꿈과 관련된 나의 잘못된 습관
https://blog.msalt.net/60,post,ok,"포토북 만들기, 3번째 가족앨범 만들면서... - 세번째"
https://blog.msalt.net/61,post,ok,감기의 진실에 대하여...한번 더 생각해 보기.
https://blog.msalt.net/65,post,ok,등심환 선인장 꽃 피우기 성공
https://blog.msalt.net/68,post,ok,[노래] 1503_그게 뭐라고
https://blog.msalt.net/69,post,ok,성공의 80%는 일단 출석하는 것이다.
https://blog.msalt.net/7,post,ok,뿌리많은 나무
https://blog.msalt.net/70,post,ok,음식점) 수원 영통구 매탄동 포메인
https://blog.msalt.net/71,post,ok,요리 경험담) 수제 감자 튀김
https://blog.msalt.net/72,post,ok,블랙박스 자가장착 경험담
https://blog.msalt.net/73,post,ok,[독후감] 정의란 무엇인가
https://blog.msalt.net/75,post,ok,[독후감] 실전UX디자인
https://blog.msalt.net/76,post,ok,"로드 밸런싱 2가지 타입 - Layer 4(L4), Layer 7(L7)"
https://blog.msalt.net/77,post,ok,웹 서버를 운용하는 5가지 방식
https://blog.msalt.net/78,post,ok,깃으로 디버깅 하기 - git bisect 활용
https://blog.msalt.net/79,post,ok,[노래] 1504_요즘 너 말이야
https://blog.msalt.net/81,post,ok,[독후감] 다윗과 골리앗 - 통찰력에 감탄하게 되는 책
https://blog.msalt.net/82,post,ok,[노래] 1505_아니벌써
https://blog.msalt.net/83,post,ok,HTML5 & CSS3 오늘 구현하는 내일의 웹 표준
https://blog.msalt.net/87,post,ok,[독후감] 자녀의 5가지 사랑의 언어
https://blog.msalt.net/88,post,ok,[노래] 1506_삐딱하게
https://blog.msalt.net/89,post,ok,[독후감] 아주오래된 농담
https://blog.msalt.net/9,post,ok,"유쾌한 크리에이티브-Creative Confidence, 모두가 아는 육아이론."
https://blog.msalt.net/90,post,ok,[요리팁] 옥수수 맛있게 먹는 방법
https://blog.msalt.net/91,post,ok,티스토리 반응형 웹 스킨 공유
https://blog.msalt.net/92,post,ok,초대장 10장 배포합니다
https://blog.msalt.net/93,post,ok,"맛있고 간편한 아이들 간식, 바나나 스콘 만들기"
https://blog.msalt.net/94,post,ok,고마워서 만든 블로그 개편
https://blog.msalt.net/95,post,ok,두동강난 부러진 알로카시아 번식
https://blog.msalt.net/96,post,ok,애들 데리고 갈만한 도시 피서 - 수원역 롯데몰
https://blog.msalt.net/97,post,ok,드라세나 자마이카 번식 일기
https://blog.msalt.net/98,post,ok,"[영화] 베테랑 후기, 흥미진진한데 실화라니 화나고 슬픔"
https://blog.msalt.net/99,post,ok,[핵꿀팁] 140원으로 여권사진 인화
https://blog.msalt.net/?page=1,homepage-pagination,discovered,
https://blog.msalt.net/?page=2,homepage-pagination,discovered,
https://blog.msalt.net/?page=3,homepage-pagination,discovered,
https://blog.msalt.net/?page=320,homepage-pagination,discovered,
https://blog.msalt.net/?page=4,homepage-pagination,discovered,
https://blog.msalt.net/category,category,ok,'분류 전체보기' 카테고리의 글 목록
https://blog.msalt.net/category/%EA%B0%90%EC%83%81%EB%AC%B8,category,ok,'감상문' 카테고리의 글 목록
https://blog.msalt.net/category/%EA%B0%90%EC%83%81%EB%AC%B8?page=1,category,ok,'감상문' 카테고리의 글 목록
https://blog.msalt.net/category/%EA%B0%90%EC%83%81%EB%AC%B8?page=2,category,ok,'감상문' 카테고리의 글 목록 (2 Page)
https://blog.msalt.net/category/%EA%B0%90%EC%83%81%EB%AC%B8?page=3,category,ok,'감상문' 카테고리의 글 목록 (3 Page)
https://blog.msalt.net/category/%EA%B0%90%EC%83%81%EB%AC%B8?page=4,category,ok,'감상문' 카테고리의 글 목록 (4 Page)
https://blog.msalt.net/category/%EA%B8%B0%EC%88%A0%20%EC%9D%B4%EC%95%BC%EA%B8%B0,category,ok,'기술 이야기' 카테고리의 글 목록
https://blog.msalt.net/category/%EA%B8%B0%EC%88%A0%20%EC%9D%B4%EC%95%BC%EA%B8%B0?page=1,category,ok,'기술 이야기' 카테고리의 글 목록
https://blog.msalt.net/category/%EA%B8%B0%EC%88%A0%20%EC%9D%B4%EC%95%BC%EA%B8%B0?page=2,category,ok,'기술 이야기' 카테고리의 글 목록 (2 Page)
https://blog.msalt.net/category/%EA%B8%B0%EC%88%A0%20%EC%9D%B4%EC%95%BC%EA%B8%B0?page=3,category,ok,'기술 이야기' 카테고리의 글 목록 (3 Page)
https://blog.msalt.net/category/%EB%82%98%EC%9D%98%20%EA%B2%BD%ED%97%98%EB%8B%B4,category,ok,'나의 경험담' 카테고리의 글 목록
https://blog.msalt.net/category/%EB%82%98%EC%9D%98%20%EA%B2%BD%ED%97%98%EB%8B%B4?page=1,category,ok,'나의 경험담' 카테고리의 글 목록
https://blog.msalt.net/category/%EB%82%98%EC%9D%98%20%EA%B2%BD%ED%97%98%EB%8B%B4?page=2,category,ok,'나의 경험담' 카테고리의 글 목록 (2 Page)
https://blog.msalt.net/category/%EB%82%98%EC%9D%98%20%EA%B2%BD%ED%97%98%EB%8B%B4?page=3,category,ok,'나의 경험담' 카테고리의 글 목록 (3 Page)
https://blog.msalt.net/category/%EB%A7%8C%EB%93%A4%EA%B8%B0,category,ok,'만들기' 카테고리의 글 목록
https://blog.msalt.net/category/%EB%A7%8C%EB%93%A4%EA%B8%B0?page=1,category,ok,'만들기' 카테고리의 글 목록
https://blog.msalt.net/category/%EB%A7%8C%EB%93%A4%EA%B8%B0?page=2,category,ok,'만들기' 카테고리의 글 목록 (2 Page)
https://blog.msalt.net/category/%EC%82%AC%EB%9E%8C%EC%83%9D%EA%B0%81,category,ok,'사람생각' 카테고리의 글 목록
https://blog.msalt.net/category/%EC%82%AC%EB%9E%8C%EC%83%9D%EA%B0%81?page=1,category,ok,'사람생각' 카테고리의 글 목록
https://blog.msalt.net/category/%EC%82%AC%EB%9E%8C%EC%83%9D%EA%B0%81?page=2,category,ok,'사람생각' 카테고리의 글 목록 (2 Page)
https://blog.msalt.net/category/%EC%9C%A1%EC%95%84%EC%99%80%20%EA%B0%80%EC%82%AC,category,ok,'육아와 가사' 카테고리의 글 목록
https://blog.msalt.net/category/%EC%9C%A1%EC%95%84%EC%99%80%20%EA%B0%80%EC%82%AC?page=1,category,ok,'육아와 가사' 카테고리의 글 목록
https://blog.msalt.net/category/%EC%9D%B4%EB%8B%AC%EC%9D%98%20%EB%85%B8%EB%9E%98,category,ok,'이달의 노래' 카테고리의 글 목록
https://blog.msalt.net/category/%EC%9D%B4%EB%8B%AC%EC%9D%98%20%EB%85%B8%EB%9E%98?page=1,category,ok,'이달의 노래' 카테고리의 글 목록
https://blog.msalt.net/category/%EC%A2%8B%EC%9D%80%20%EC%94%A8%EC%95%97,category,ok,'좋은 씨앗' 카테고리의 글 목록
https://blog.msalt.net/category/%EC%A2%8B%EC%9D%80%20%EC%94%A8%EC%95%97?page=1,category,ok,'좋은 씨앗' 카테고리의 글 목록
https://blog.msalt.net/category/%EC%B4%88%EB%A1%9D%EC%9D%B4%EB%93%A4,category,ok,'초록이들' 카테고리의 글 목록
https://blog.msalt.net/category/%EC%B4%88%EB%A1%9D%EC%9D%B4%EB%93%A4?page=1,category,ok,'초록이들' 카테고리의 글 목록
https://blog.msalt.net/category/%ED%83%80%EC%9D%B4%EC%A0%A0%20Tizen,category,ok,'타이젠 Tizen' 카테고리의 글 목록
https://blog.msalt.net/category/%ED%83%80%EC%9D%B4%EC%A0%A0%20Tizen?page=1,category,ok,'타이젠 Tizen' 카테고리의 글 목록
https://blog.msalt.net/category/About%20Blog,category,ok,'About Blog' 카테고리의 글 목록
https://blog.msalt.net/category/About%20Blog?page=1,category,ok,'About Blog' 카테고리의 글 목록
https://blog.msalt.net/category?page=1,category,ok,'분류 전체보기' 카테고리의 글 목록
https://blog.msalt.net/category?page=10,category,ok,'분류 전체보기' 카테고리의 글 목록 (10 Page)
https://blog.msalt.net/category?page=11,category,ok,'분류 전체보기' 카테고리의 글 목록 (11 Page)
https://blog.msalt.net/category?page=12,category,ok,'분류 전체보기' 카테고리의 글 목록 (12 Page)
https://blog.msalt.net/category?page=13,category,ok,'분류 전체보기' 카테고리의 글 목록 (13 Page)
https://blog.msalt.net/category?page=14,category,ok,'분류 전체보기' 카테고리의 글 목록 (14 Page)
https://blog.msalt.net/category?page=15,category,ok,'분류 전체보기' 카테고리의 글 목록 (15 Page)
https://blog.msalt.net/category?page=16,category,ok,'분류 전체보기' 카테고리의 글 목록 (16 Page)
https://blog.msalt.net/category?page=2,category,ok,'분류 전체보기' 카테고리의 글 목록 (2 Page)
https://blog.msalt.net/category?page=3,category,ok,'분류 전체보기' 카테고리의 글 목록 (3 Page)
https://blog.msalt.net/category?page=4,category,ok,'분류 전체보기' 카테고리의 글 목록 (4 Page)
https://blog.msalt.net/category?page=5,category,ok,'분류 전체보기' 카테고리의 글 목록 (5 Page)
https://blog.msalt.net/category?page=6,category,ok,'분류 전체보기' 카테고리의 글 목록 (6 Page)
https://blog.msalt.net/category?page=7,category,ok,'분류 전체보기' 카테고리의 글 목록 (7 Page)
https://blog.msalt.net/category?page=8,category,ok,'분류 전체보기' 카테고리의 글 목록 (8 Page)
https://blog.msalt.net/category?page=9,category,ok,'분류 전체보기' 카테고리의 글 목록 (9 Page)
